# TSA preview manifest. confidence = coherence score (higher=better; <1.2 = low, review).
# preview	confidence	tsa_source	tileset	palette	offset	width	height
preview/tsa/banim/dragonfx/Tsa_087C9390.png	1.250	graphics/banim/dragonfx/Tsa_087C9390.map.bin.lz	graphics/banim/dragonfx/Tsa_EfxDracoZombie2.4bpp.lz	graphics/banim/dragonfx/Pal_EfxDracoZombie.gbapal	0	30	20
preview/tsa/banim/dragonfx/Tsa_087C9464.png	1.250	graphics/banim/dragonfx/Tsa_087C9464.map.bin.lz	graphics/banim/dragonfx/Img_EfxDracoZombie.4bpp.lz	graphics/banim/dragonfx/Pal_EfxDracoZombie.gbapal	0	30	20
preview/tsa/banim/dragonfx/Tsa_087C9600.png	1.250	graphics/banim/dragonfx/Tsa_087C9600.map.bin.lz	graphics/banim/dragonfx/Img_EfxDracoZombie.4bpp.lz	graphics/banim/dragonfx/Pal_EfxDracoZombie.gbapal	0	30	20
preview/tsa/banim/dragonfx/Tsa_087C9818.png	1.250	graphics/banim/dragonfx/Tsa_087C9818.map.bin.lz	graphics/banim/dragonfx/Img_EfxDracoZombie.4bpp.lz	graphics/banim/dragonfx/Pal_EfxDracoZombie.gbapal	0	30	20
preview/tsa/banim/dragonfx/Tsa_087C9A2C.png	1.250	graphics/banim/dragonfx/Tsa_087C9A2C.map.bin.lz	graphics/banim/dragonfx/Img_EfxDracoZombie.4bpp.lz	graphics/banim/dragonfx/Pal_EfxDracoZombie.gbapal	0	30	20
preview/tsa/banim/dragonfx/Tsa_087C9BEC.png	1.250	graphics/banim/dragonfx/Tsa_087C9BEC.map.bin.lz	graphics/banim/dragonfx/Tsa_EfxDracoZombie3.4bpp.lz	graphics/banim/dragonfx/Pal_EfxDracoZombie.gbapal	0	30	20
preview/tsa/banim/dragonfx/Tsa_087C9CF4.png	1.250	graphics/banim/dragonfx/Tsa_087C9CF4.map.bin.lz	graphics/banim/dragonfx/Img_EfxDracoZombie.4bpp.lz	graphics/banim/dragonfx/Pal_EfxDracoZombie.gbapal	0	30	20
preview/tsa/banim/dragonfx/Tsa_087C9E04.png	1.250	graphics/banim/dragonfx/Tsa_087C9E04.map.bin.lz	graphics/banim/dragonfx/Tsa_EfxDracoZombie4.4bpp.lz	graphics/banim/dragonfx/Pal_EfxDracoZombie.gbapal	0	30	20
preview/tsa/banim/dragonfx/Tsa_087CC5FC.png	1.266	graphics/banim/dragonfx/Tsa_087CC5FC.map.bin.lz	graphics/banim/dragonfx/Img_EfxDracoZombie.4bpp.lz	graphics/banim/dragonfx/Pal_EfxDracoZombie.gbapal	0	30	20
preview/tsa/banim/dragonfx/Tsa_087CC734.png	1.250	graphics/banim/dragonfx/Tsa_087CC734.map.bin.lz	graphics/banim/dragonfx/Img_EfxDracoZombie.4bpp.lz	graphics/banim/dragonfx/Pal_EfxDracoZombie.gbapal	0	30	20
preview/tsa/banim/dragonfx/Tsa_087CC878.png	1.266	graphics/banim/dragonfx/Tsa_087CC878.map.bin.lz	graphics/banim/dragonfx/Img_EfxDracoZombie.4bpp.lz	graphics/banim/dragonfx/Pal_EfxDracoZombie.gbapal	0	30	20
preview/tsa/banim/dragonfx/Tsa_087CC9B8.png	1.266	graphics/banim/dragonfx/Tsa_087CC9B8.map.bin.lz	graphics/banim/dragonfx/Img_EfxDracoZombie.4bpp.lz	graphics/banim/dragonfx/Pal_EfxDracoZombie.gbapal	0	30	20
preview/tsa/banim/dragonfx/Tsa_087CCAD8.png	1.266	graphics/banim/dragonfx/Tsa_087CCAD8.map.bin.lz	graphics/banim/dragonfx/Img_EfxDracoZombie.4bpp.lz	graphics/banim/dragonfx/Pal_EfxDracoZombie.gbapal	0	30	20
preview/tsa/banim/dragonfx/Tsa_087EE4A0.png	1.250	graphics/banim/dragonfx/Tsa_087EE4A0.map.bin.lz	graphics/banim/dragonfx/Tsa_EfxDracoZombie2.4bpp.lz	graphics/banim/dragonfx/Pal_EfxDracoZombie.gbapal	0	30	20
preview/tsa/banim/dragonfx/Tsa_087EE578.png	1.250	graphics/banim/dragonfx/Tsa_087EE578.map.bin.lz	graphics/banim/dragonfx/Img_EfxDracoZombie.4bpp.lz	graphics/banim/dragonfx/Pal_EfxDracoZombie.gbapal	0	30	20
preview/tsa/banim/dragonfx/Tsa_087EE710.png	1.250	graphics/banim/dragonfx/Tsa_087EE710.map.bin.lz	graphics/banim/dragonfx/Img_EfxDracoZombie.4bpp.lz	graphics/banim/dragonfx/Pal_EfxDracoZombie.gbapal	0	30	20
preview/tsa/banim/dragonfx/Tsa_087EE8F8.png	1.250	graphics/banim/dragonfx/Tsa_087EE8F8.map.bin.lz	graphics/banim/dragonfx/Img_EfxDracoZombie.4bpp.lz	graphics/banim/dragonfx/Pal_EfxDracoZombie.gbapal	0	30	20
preview/tsa/banim/dragonfx/Tsa_087EEAF4.png	1.250	graphics/banim/dragonfx/Tsa_087EEAF4.map.bin.lz	graphics/banim/dragonfx/Img_EfxDracoZombie.4bpp.lz	graphics/banim/dragonfx/Pal_EfxDracoZombie.gbapal	0	30	20
preview/tsa/banim/dragonfx/Tsa_087EECA8.png	1.250	graphics/banim/dragonfx/Tsa_087EECA8.map.bin.lz	graphics/banim/dragonfx/Tsa_EfxDracoZombie3.4bpp.lz	graphics/banim/dragonfx/Pal_EfxDracoZombie.gbapal	0	30	20
preview/tsa/banim/dragonfx/Tsa_087EEDAC.png	1.250	graphics/banim/dragonfx/Tsa_087EEDAC.map.bin.lz	graphics/banim/dragonfx/Tsa_EfxDracoZombie3.4bpp.lz	graphics/banim/dragonfx/Pal_EfxDracoZombie.gbapal	0	30	20
preview/tsa/banim/dragonfx/Tsa_087EEEB0.png	1.250	graphics/banim/dragonfx/Tsa_087EEEB0.map.bin.lz	graphics/banim/dragonfx/Tsa_EfxDracoZombie2.4bpp.lz	graphics/banim/dragonfx/Pal_EfxDracoZombie.gbapal	0	30	20
preview/tsa/banim/dragonfx/Tsa_087F16A0.png	1.266	graphics/banim/dragonfx/Tsa_087F16A0.map.bin.lz	graphics/banim/dragonfx/Img_EfxDracoZombie.4bpp.lz	graphics/banim/dragonfx/Pal_EfxDracoZombie.gbapal	0	30	20
preview/tsa/banim/dragonfx/Tsa_087F17D8.png	1.250	graphics/banim/dragonfx/Tsa_087F17D8.map.bin.lz	graphics/banim/dragonfx/Img_EfxDracoZombie.4bpp.lz	graphics/banim/dragonfx/Pal_EfxDracoZombie.gbapal	0	30	20
preview/tsa/banim/dragonfx/Tsa_087F191C.png	1.266	graphics/banim/dragonfx/Tsa_087F191C.map.bin.lz	graphics/banim/dragonfx/Img_EfxDracoZombie.4bpp.lz	graphics/banim/dragonfx/Pal_EfxDracoZombie.gbapal	0	30	20
preview/tsa/banim/dragonfx/Tsa_087F1A54.png	1.266	graphics/banim/dragonfx/Tsa_087F1A54.map.bin.lz	graphics/banim/dragonfx/Tsa_EfxDracoZombie2.4bpp.lz	graphics/banim/dragonfx/Pal_EfxDracoZombie.gbapal	0	30	20
preview/tsa/banim/dragonfx/Tsa_087F1B74.png	1.266	graphics/banim/dragonfx/Tsa_087F1B74.map.bin.lz	graphics/banim/dragonfx/Tsa_EfxDracoZombie2.4bpp.lz	graphics/banim/dragonfx/Pal_EfxDracoZombie.gbapal	0	30	20
preview/tsa/banim/dragonfx/Tsa_087F3C74.png	1.250	graphics/banim/dragonfx/Tsa_087F3C74.map.bin.lz	graphics/banim/dragonfx/Tsa_EfxDracoZombieBaseRight.4bpp.lz	graphics/banim/dragonfx/Pal_EfxDracoZombie.gbapal	0	30	20
preview/tsa/banim/dragonfx/Tsa_087F3D60.png	1.250	graphics/banim/dragonfx/Tsa_087F3D60.map.bin.lz	graphics/banim/dragonfx/Img_EfxDracoZombie.4bpp.lz	graphics/banim/dragonfx/Pal_EfxDracoZombie.gbapal	0	30	20
preview/tsa/banim/dragonfx/Tsa_087F3E88.png	1.250	graphics/banim/dragonfx/Tsa_087F3E88.map.bin.lz	graphics/banim/dragonfx/Img_EfxDracoZombie.4bpp.lz	graphics/banim/dragonfx/Pal_EfxDracoZombie.gbapal	0	30	20
preview/tsa/banim/dragonfx/Tsa_87932EC.png	1.016	graphics/banim/dragonfx/Tsa_87932EC.map.bin.lz	graphics/banim/dragonfx/Img_EfxDracoZombie.4bpp.lz	graphics/banim/dragonfx/Pal_EfxDracoZombie.gbapal	0	30	20
preview/tsa/banim/dragonfx/Tsa_8793384.png	1.234	graphics/banim/dragonfx/Tsa_8793384.map.bin.lz	graphics/banim/dragonfx/Img_EfxDracoZombie.4bpp.lz	graphics/banim/dragonfx/Pal_EfxDracoZombie.gbapal	0	30	20
preview/tsa/banim/dragonfx/Tsa_8793494.png	1.250	graphics/banim/dragonfx/Tsa_8793494.map.bin.lz	graphics/banim/dragonfx/Img_EfxDracoZombie.4bpp.lz	graphics/banim/dragonfx/Pal_EfxDracoZombie.gbapal	0	30	20
preview/tsa/banim/dragonfx/Tsa_87935B0.png	1.250	graphics/banim/dragonfx/Tsa_87935B0.map.bin.lz	graphics/banim/dragonfx/Tsa_EfxDracoZombie2.4bpp.lz	graphics/banim/dragonfx/Pal_EfxDracoZombie.gbapal	0	30	20
preview/tsa/banim/dragonfx/Tsa_87936C0.png	1.250	graphics/banim/dragonfx/Tsa_87936C0.map.bin.lz	graphics/banim/dragonfx/Img_EfxDracoZombie.4bpp.lz	graphics/banim/dragonfx/Pal_EfxDracoZombie.gbapal	0	30	20
preview/tsa/banim/dragonfx/Tsa_87937D0.png	1.234	graphics/banim/dragonfx/Tsa_87937D0.map.bin.lz	graphics/banim/dragonfx/Img_EfxDracoZombie.4bpp.lz	graphics/banim/dragonfx/Pal_EfxDracoZombie.gbapal	0	30	20
preview/tsa/banim/dragonfx/Tsa_87938EC.png	1.250	graphics/banim/dragonfx/Tsa_87938EC.map.bin.lz	graphics/banim/dragonfx/Tsa_EfxDracoZombie2.4bpp.lz	graphics/banim/dragonfx/Pal_EfxDracoZombie.gbapal	0	30	20
preview/tsa/banim/dragonfx/Tsa_8799818.png	1.250	graphics/banim/dragonfx/Tsa_8799818.map.bin.lz	graphics/banim/dragonfx/Img_EfxDracoZombie.4bpp.lz	graphics/banim/dragonfx/Pal_EfxDracoZombie.gbapal	0	30	20
preview/tsa/banim/dragonfx/Tsa_8799ABC.png	1.250	graphics/banim/dragonfx/Tsa_8799ABC.map.bin.lz	graphics/banim/dragonfx/Img_EfxDracoZombie.4bpp.lz	graphics/banim/dragonfx/Pal_EfxDracoZombie.gbapal	0	30	20
preview/tsa/banim/dragonfx/Tsa_8799D64.png	1.250	graphics/banim/dragonfx/Tsa_8799D64.map.bin.lz	graphics/banim/dragonfx/Img_EfxDracoZombie.4bpp.lz	graphics/banim/dragonfx/Pal_EfxDracoZombie.gbapal	0	30	20
preview/tsa/banim/dragonfx/Tsa_879A008.png	1.250	graphics/banim/dragonfx/Tsa_879A008.map.bin.lz	graphics/banim/dragonfx/Img_EfxDracoZombie.4bpp.lz	graphics/banim/dragonfx/Pal_EfxDracoZombie.gbapal	0	30	20
preview/tsa/banim/dragonfx/Tsa_879A2A8.png	1.250	graphics/banim/dragonfx/Tsa_879A2A8.map.bin.lz	graphics/banim/dragonfx/Img_EfxDracoZombie.4bpp.lz	graphics/banim/dragonfx/Pal_EfxDracoZombie.gbapal	0	30	20
preview/tsa/banim/dragonfx/Tsa_879A444.png	1.250	graphics/banim/dragonfx/Tsa_879A444.map.bin.lz	graphics/banim/dragonfx/Img_EfxDracoZombie.4bpp.lz	graphics/banim/dragonfx/Pal_EfxDracoZombie.gbapal	0	30	20
preview/tsa/banim/dragonfx/Tsa_879A6A0.png	1.250	graphics/banim/dragonfx/Tsa_879A6A0.map.bin.lz	graphics/banim/dragonfx/Img_EfxDracoZombie.4bpp.lz	graphics/banim/dragonfx/Pal_EfxDracoZombie.gbapal	0	30	20
preview/tsa/banim/dragonfx/Tsa_879A87C.png	1.250	graphics/banim/dragonfx/Tsa_879A87C.map.bin.lz	graphics/banim/dragonfx/Img_EfxDracoZombie.4bpp.lz	graphics/banim/dragonfx/Pal_EfxDracoZombie.gbapal	0	30	20
preview/tsa/banim/dragonfx/Tsa_879A9E8.png	1.250	graphics/banim/dragonfx/Tsa_879A9E8.map.bin.lz	graphics/banim/dragonfx/Tsa_EfxDracoZombie3.4bpp.lz	graphics/banim/dragonfx/Pal_EfxDracoZombie.gbapal	0	30	20
preview/tsa/banim/dragonfx/Tsa_879AB10.png	1.250	graphics/banim/dragonfx/Tsa_879AB10.map.bin.lz	graphics/banim/dragonfx/Tsa_EfxDracoZombie4.4bpp.lz	graphics/banim/dragonfx/Pal_EfxDracoZombie.gbapal	0	30	20
preview/tsa/banim/dragonfx/Tsa_87A18F0.png	1.250	graphics/banim/dragonfx/Tsa_87A18F0.map.bin.lz	graphics/banim/dragonfx/Tsa_EfxDracoZombieBaseRight.4bpp.lz	graphics/banim/dragonfx/Pal_EfxDracoZombie.gbapal	0	30	20
preview/tsa/banim/dragonfx/Tsa_87A19EC.png	1.250	graphics/banim/dragonfx/Tsa_87A19EC.map.bin.lz	graphics/banim/dragonfx/Img_EfxDracoZombie.4bpp.lz	graphics/banim/dragonfx/Pal_EfxDracoZombie.gbapal	0	30	20
preview/tsa/banim/dragonfx/Tsa_87A1B68.png	1.250	graphics/banim/dragonfx/Tsa_87A1B68.map.bin.lz	graphics/banim/dragonfx/Img_EfxDracoZombie.4bpp.lz	graphics/banim/dragonfx/Pal_EfxDracoZombie.gbapal	0	30	20
preview/tsa/banim/dragonfx/Tsa_87A1D74.png	1.250	graphics/banim/dragonfx/Tsa_87A1D74.map.bin.lz	graphics/banim/dragonfx/Img_EfxDracoZombie.4bpp.lz	graphics/banim/dragonfx/Pal_EfxDracoZombie.gbapal	0	30	20
preview/tsa/banim/dragonfx/Tsa_87A1F9C.png	1.250	graphics/banim/dragonfx/Tsa_87A1F9C.map.bin.lz	graphics/banim/dragonfx/Img_EfxDracoZombie.4bpp.lz	graphics/banim/dragonfx/Pal_EfxDracoZombie.gbapal	0	30	20
preview/tsa/banim/dragonfx/Tsa_87A2134.png	1.250	graphics/banim/dragonfx/Tsa_87A2134.map.bin.lz	graphics/banim/dragonfx/Img_EfxDracoZombie.4bpp.lz	graphics/banim/dragonfx/Pal_EfxDracoZombie.gbapal	0	30	20
preview/tsa/banim/dragonfx/Tsa_87A2384.png	1.250	graphics/banim/dragonfx/Tsa_87A2384.map.bin.lz	graphics/banim/dragonfx/Img_EfxDracoZombie.4bpp.lz	graphics/banim/dragonfx/Pal_EfxDracoZombie.gbapal	0	30	20
preview/tsa/banim/dragonfx/Tsa_87A2584.png	1.250	graphics/banim/dragonfx/Tsa_87A2584.map.bin.lz	graphics/banim/dragonfx/Img_EfxDracoZombie.4bpp.lz	graphics/banim/dragonfx/Pal_EfxDracoZombie.gbapal	0	30	20
preview/tsa/banim/dragonfx/Tsa_87A2748.png	1.250	graphics/banim/dragonfx/Tsa_87A2748.map.bin.lz	graphics/banim/dragonfx/Img_EfxDracoZombie.4bpp.lz	graphics/banim/dragonfx/Pal_EfxDracoZombie.gbapal	0	30	20
preview/tsa/banim/dragonfx/Tsa_87A28A8.png	1.250	graphics/banim/dragonfx/Tsa_87A28A8.map.bin.lz	graphics/banim/dragonfx/Tsa_EfxDracoZombie2.4bpp.lz	graphics/banim/dragonfx/Pal_EfxDracoZombie.gbapal	0	30	20
preview/tsa/banim/dragonfx/Tsa_87A29DC.png	1.250	graphics/banim/dragonfx/Tsa_87A29DC.map.bin.lz	graphics/banim/dragonfx/Tsa_EfxDracoZombie4.4bpp.lz	graphics/banim/dragonfx/Pal_EfxDracoZombie.gbapal	0	30	20
preview/tsa/banim/dragonfx/Tsa_87A2AE8.png	1.250	graphics/banim/dragonfx/Tsa_87A2AE8.map.bin.lz	graphics/banim/dragonfx/Tsa_EfxDracoZombie3.4bpp.lz	graphics/banim/dragonfx/Pal_EfxDracoZombie.gbapal	0	30	20
preview/tsa/banim/dragonfx/Tsa_87A2BE4.png	1.234	graphics/banim/dragonfx/Tsa_87A2BE4.map.bin.lz	graphics/banim/dragonfx/Tsa_EfxDracoZombieBaseRight.4bpp.lz	graphics/banim/dragonfx/Pal_EfxDracoZombie.gbapal	0	30	20
preview/tsa/banim/dragonfx/Tsa_87A2CCC.png	1.250	graphics/banim/dragonfx/Tsa_87A2CCC.map.bin.lz	graphics/banim/dragonfx/Tsa_EfxDracoZombie2.4bpp.lz	graphics/banim/dragonfx/Pal_EfxDracoZombie.gbapal	0	30	20
preview/tsa/banim/dragonfx/Tsa_87A2DB8.png	1.250	graphics/banim/dragonfx/Tsa_87A2DB8.map.bin.lz	graphics/banim/dragonfx/Tsa_EfxDracoZombie2.4bpp.lz	graphics/banim/dragonfx/Pal_EfxDracoZombie.gbapal	0	30	20
preview/tsa/banim/dragonfx/Tsa_87A4A88.png	1.234	graphics/banim/dragonfx/Tsa_87A4A88.map.bin.lz	graphics/banim/dragonfx/Tsa_EfxDracoZombie3.4bpp.lz	graphics/banim/dragonfx/Pal_EfxDracoZombie.gbapal	0	30	20
preview/tsa/banim/dragonfx/Tsa_87A4B68.png	1.250	graphics/banim/dragonfx/Tsa_87A4B68.map.bin.lz	graphics/banim/dragonfx/Tsa_EfxDracoZombie2.4bpp.lz	graphics/banim/dragonfx/Pal_EfxDracoZombie.gbapal	0	30	20
preview/tsa/banim/dragonfx/Tsa_87A4C44.png	1.250	graphics/banim/dragonfx/Tsa_87A4C44.map.bin.lz	graphics/banim/dragonfx/Tsa_EfxDracoZombie2.4bpp.lz	graphics/banim/dragonfx/Pal_EfxDracoZombie.gbapal	0	30	20
preview/tsa/banim/dragonfx/Tsa_87A4D2C.png	1.250	graphics/banim/dragonfx/Tsa_87A4D2C.map.bin.lz	graphics/banim/dragonfx/Tsa_EfxDracoZombie4.4bpp.lz	graphics/banim/dragonfx/Pal_EfxDracoZombie.gbapal	0	30	20
preview/tsa/banim/dragonfx/Tsa_87A4E0C.png	1.250	graphics/banim/dragonfx/Tsa_87A4E0C.map.bin.lz	graphics/banim/dragonfx/Tsa_EfxDracoZombieBaseRight.4bpp.lz	graphics/banim/dragonfx/Pal_EfxDracoZombie.gbapal	0	30	20
preview/tsa/banim/efxbattle/TsaConf_BanimTmA1.png	1.203	graphics/banim/efxbattle/TsaConf_BanimTmA1.map.bin	./graphics/efxbattle/Img_BanimSnipperFBallistaIntro.4bpp.lz	graphics/banim/efxbattle/Pal_085BA2E0.gbapal	0	4	19
preview/tsa/banim/efxbattle/TsaConf_BanimTmA2.png	1.203	graphics/banim/efxbattle/TsaConf_BanimTmA2.map.bin	./graphics/efxbattle/Img_BanimSnipperFBallistaIntro.4bpp.lz	graphics/banim/efxbattle/Pal_085BA2E0.gbapal	0	4	19
preview/tsa/banim/efxbattle/TsaConf_BanimTmA3.png	1.219	graphics/banim/efxbattle/TsaConf_BanimTmA3.map.bin	./graphics/efxbattle/Img_BanimSnipperFBallistaIntro.4bpp.lz	graphics/banim/efxbattle/Pal_085BA2E0.gbapal	0	4	19
preview/tsa/banim/efxbattle/TsaConf_BanimTmA4.png	1.234	graphics/banim/efxbattle/TsaConf_BanimTmA4.map.bin	./graphics/efxbattle/Img_BanimSnipperMBallistaIntro.4bpp.lz	graphics/banim/efxbattle/Pal_085BA2E0.gbapal	0	4	19
preview/tsa/banim/efxhitobj/Tsa1_EfxPierceNormalEffectBG.png	1.109	graphics/banim/efxhitobj/Tsa1_EfxPierceNormalEffectBG.map.bin.lz	graphics/banim/efxhitobj/Img_EfxPierceCriticalEffectBG.4bpp.lz	graphics/banim/efxhitobj/Pal_EfxPierceNormalEffectBG.gbapal	0	30	20
preview/tsa/banim/efxhitobj/Tsa2_EfxPierceNormalEffectBG.png	1.141	graphics/banim/efxhitobj/Tsa2_EfxPierceNormalEffectBG.map.bin.lz	graphics/banim/efxhitobj/Img_EfxPierceCriticalEffectBG.4bpp.lz	graphics/banim/efxhitobj/Pal_EfxPierceNormalEffectBG.gbapal	0	30	20
preview/tsa/banim/efxhitobj/Tsa3_EfxPierceNormalEffectBG.png	1.172	graphics/banim/efxhitobj/Tsa3_EfxPierceNormalEffectBG.map.bin.lz	graphics/banim/efxhitobj/Img_EfxPierceCriticalEffectBG.4bpp.lz	graphics/banim/efxhitobj/Pal_EfxPierceNormalEffectBG.gbapal	0	30	20
preview/tsa/banim/efxhitobj/Tsa4_EfxPierceNormalEffectBG.png	1.172	graphics/banim/efxhitobj/Tsa4_EfxPierceNormalEffectBG.map.bin.lz	graphics/banim/efxhitobj/Img_EfxPierceCriticalEffectBG.4bpp.lz	graphics/banim/efxhitobj/Pal_EfxPierceNormalEffectBG.gbapal	0	30	20
preview/tsa/banim/efxhitobj/Tsa5_EfxPierceNormalEffectBG.png	1.172	graphics/banim/efxhitobj/Tsa5_EfxPierceNormalEffectBG.map.bin.lz	graphics/banim/efxhitobj/Img_EfxPierceCriticalEffectBG.4bpp.lz	graphics/banim/efxhitobj/Pal_EfxPierceNormalEffectBG.gbapal	0	30	20
preview/tsa/banim/efxhitobj/Tsa6_EfxPierceNormalEffectBG.png	1.172	graphics/banim/efxhitobj/Tsa6_EfxPierceNormalEffectBG.map.bin.lz	graphics/banim/efxhitobj/Img_EfxPierceCriticalEffectBG.4bpp.lz	graphics/banim/efxhitobj/Pal_EfxPierceNormalEffectBG.gbapal	0	30	20
preview/tsa/banim/efxhitobj/Tsa7_EfxPierceNormalEffectBG.png	1.172	graphics/banim/efxhitobj/Tsa7_EfxPierceNormalEffectBG.map.bin.lz	graphics/banim/efxhitobj/Img_EfxPierceCriticalEffectBG.4bpp.lz	graphics/banim/efxhitobj/Pal_EfxPierceNormalEffectBG.gbapal	0	30	20
preview/tsa/banim/efxhitobj/Tsa8_EfxPierceNormalEffectBG.png	1.156	graphics/banim/efxhitobj/Tsa8_EfxPierceNormalEffectBG.map.bin.lz	graphics/banim/efxhitobj/Img_EfxPierceCriticalEffectBG.4bpp.lz	graphics/banim/efxhitobj/Pal_EfxPierceNormalEffectBG.gbapal	0	30	20
preview/tsa/banim/efxhitobj/Tsa9_EfxPierceNormalEffectBG.png	1.109	graphics/banim/efxhitobj/Tsa9_EfxPierceNormalEffectBG.map.bin.lz	graphics/banim/efxhitobj/Img_EfxPierceCriticalEffectBG.4bpp.lz	graphics/banim/efxhitobj/Pal_EfxPierceNormalEffectBG.gbapal	0	30	20
preview/tsa/banim/efxhitobj/TsaA_EfxPierceNormalEffectBG.png	1.016	graphics/banim/efxhitobj/TsaA_EfxPierceNormalEffectBG.map.bin.lz	graphics/banim/efxhitobj/Img_EfxPierceCriticalEffectBG.4bpp.lz	graphics/banim/efxhitobj/Pal_EfxPierceCriticalEffectBG.gbapal	0	30	20
preview/tsa/banim/efxhitobj/TsaL_EfxPierceCriticalEffectBG.png	1.266	graphics/banim/efxhitobj/TsaL_EfxPierceCriticalEffectBG.map.bin.lz	graphics/banim/efxhitobj/Img_EfxPierceCriticalEffectBG.4bpp.lz	graphics/banim/efxhitobj/Pal_EfxPierceNormalEffectBG.gbapal	0	30	20
preview/tsa/banim/efxhitobj/TsaR_EfxPierceCriticalEffectBG.png	1.266	graphics/banim/efxhitobj/TsaR_EfxPierceCriticalEffectBG.map.bin.lz	graphics/banim/efxhitobj/Img_EfxPierceCriticalEffectBG.4bpp.lz	graphics/banim/efxhitobj/Pal_EfxPierceNormalEffectBG.gbapal	0	30	20
preview/tsa/banim/efxlvupfx/Tsa10_EfxLvupBG.png	1.219	graphics/banim/efxlvupfx/Tsa10_EfxLvupBG.map.bin.lz	graphics/banim/efxlvupfx/Img_ArenaBattleBg.4bpp.lz	graphics/banim/efxlvupfx/Pal_EfxLvupBG.gbapal	0	30	20
preview/tsa/banim/efxlvupfx/Tsa11_EfxLvupBG.png	1.203	graphics/banim/efxlvupfx/Tsa11_EfxLvupBG.map.bin.lz	graphics/banim/efxlvupfx/Img_ArenaBattleBg.4bpp.lz	graphics/banim/efxlvupfx/Pal_EfxLvupBG.gbapal	0	30	20
preview/tsa/banim/efxlvupfx/Tsa1_EfxLvupBG.png	1.250	graphics/banim/efxlvupfx/Tsa1_EfxLvupBG.map.bin.lz	graphics/banim/efxlvupfx/gUnknown_085BF114.4bpp.lz	graphics/banim/efxlvupfx/Pal_EfxLvupBG.gbapal	0	30	20
preview/tsa/banim/efxlvupfx/Tsa1_EfxLvupBG2.png	1.234	graphics/banim/efxlvupfx/Tsa1_EfxLvupBG2.map.bin.lz	graphics/banim/efxlvupfx/Img_ArenaBattleBg.4bpp.lz	graphics/banim/efxlvupfx/Pal_EfxLvupBG.gbapal	0	30	20
preview/tsa/banim/efxlvupfx/Tsa2_EfxLvupBG.png	1.234	graphics/banim/efxlvupfx/Tsa2_EfxLvupBG.map.bin.lz	graphics/banim/efxlvupfx/Img_ArenaBattleBg.4bpp.lz	graphics/banim/efxlvupfx/Pal_EfxLvupBG.gbapal	0	30	20
preview/tsa/banim/efxlvupfx/Tsa2_EfxLvupBG2.png	1.250	graphics/banim/efxlvupfx/Tsa2_EfxLvupBG2.map.bin.lz	graphics/banim/efxlvupfx/gUnknown_085BF114.4bpp.lz	graphics/banim/efxlvupfx/Pal_EfxLvupBG.gbapal	0	30	20
preview/tsa/banim/efxlvupfx/Tsa3_EfxLvupBG.png	1.250	graphics/banim/efxlvupfx/Tsa3_EfxLvupBG.map.bin.lz	graphics/banim/efxlvupfx/gUnknown_085BF114.4bpp.lz	graphics/banim/efxlvupfx/Pal_EfxLvupBG.gbapal	0	30	20
preview/tsa/banim/efxlvupfx/Tsa3_EfxLvupBG2.png	1.250	graphics/banim/efxlvupfx/Tsa3_EfxLvupBG2.map.bin.lz	graphics/banim/efxlvupfx/gUnknown_085BF114.4bpp.lz	graphics/banim/efxlvupfx/Pal_EfxLvupBG.gbapal	0	30	20
preview/tsa/banim/efxlvupfx/Tsa4_EfxLvupBG.png	1.234	graphics/banim/efxlvupfx/Tsa4_EfxLvupBG.map.bin.lz	graphics/banim/efxlvupfx/Img_ArenaBattleBg.4bpp.lz	graphics/banim/efxlvupfx/Pal_EfxLvupBG.gbapal	0	30	20
preview/tsa/banim/efxlvupfx/Tsa4_EfxLvupBG2.png	1.250	graphics/banim/efxlvupfx/Tsa4_EfxLvupBG2.map.bin.lz	graphics/banim/efxlvupfx/gUnknown_085BF114.4bpp.lz	graphics/banim/efxlvupfx/Pal_EfxLvupBG.gbapal	0	30	20
preview/tsa/banim/efxlvupfx/Tsa5_EfxLvupBG.png	1.234	graphics/banim/efxlvupfx/Tsa5_EfxLvupBG.map.bin.lz	graphics/banim/efxlvupfx/Img_ArenaBattleBg.4bpp.lz	graphics/banim/efxlvupfx/Pal_EfxLvupBG.gbapal	0	30	20
preview/tsa/banim/efxlvupfx/Tsa5_EfxLvupBG2.png	1.250	graphics/banim/efxlvupfx/Tsa5_EfxLvupBG2.map.bin.lz	graphics/banim/efxlvupfx/gUnknown_085BF114.4bpp.lz	graphics/banim/efxlvupfx/Pal_EfxLvupBG.gbapal	0	30	20
preview/tsa/banim/efxlvupfx/Tsa6_EfxLvupBG.png	1.250	graphics/banim/efxlvupfx/Tsa6_EfxLvupBG.map.bin.lz	graphics/banim/efxlvupfx/gUnknown_085BF114.4bpp.lz	graphics/banim/efxlvupfx/Pal_EfxLvupBG.gbapal	0	30	20
preview/tsa/banim/efxlvupfx/Tsa6_EfxLvupBG2.png	1.250	graphics/banim/efxlvupfx/Tsa6_EfxLvupBG2.map.bin.lz	graphics/banim/efxlvupfx/gUnknown_085BF114.4bpp.lz	graphics/banim/efxlvupfx/Pal_EfxLvupBG.gbapal	0	30	20
preview/tsa/banim/efxlvupfx/Tsa7_EfxLvupBG.png	1.234	graphics/banim/efxlvupfx/Tsa7_EfxLvupBG.map.bin.lz	graphics/banim/efxlvupfx/Img_ArenaBattleBg.4bpp.lz	graphics/banim/efxlvupfx/Pal_EfxLvupBG.gbapal	0	30	20
preview/tsa/banim/efxlvupfx/Tsa8_EfxLvupBG.png	1.250	graphics/banim/efxlvupfx/Tsa8_EfxLvupBG.map.bin.lz	graphics/banim/efxlvupfx/gUnknown_085BF114.4bpp.lz	graphics/banim/efxlvupfx/Pal_EfxLvupBG.gbapal	0	30	20
preview/tsa/banim/efxlvupfx/Tsa9_EfxLvupBG.png	1.250	graphics/banim/efxlvupfx/Tsa9_EfxLvupBG.map.bin.lz	graphics/banim/efxlvupfx/gUnknown_085BF114.4bpp.lz	graphics/banim/efxlvupfx/Pal_EfxLvupBG.gbapal	0	30	20
preview/tsa/banim/efxlvupfx/Tsa_ArenaBattleBg.png	1.734	graphics/banim/efxlvupfx/Tsa_ArenaBattleBg.map.bin.lz	graphics/banim/efxlvupfx/Img_ArenaBattleBg.4bpp.lz	graphics/banim/efxlvupfx/Pal_ArenaBattleBg_A.gbapal	0	23	40
preview/tsa/banim/efxlvupfx/gUnknown_085BF5FC.png	1.250	graphics/banim/efxlvupfx/gUnknown_085BF5FC.map.bin.lz	graphics/banim/efxlvupfx/gUnknown_085BF114.4bpp.lz	graphics/banim/efxlvupfx/Pal_EfxLvupBG.gbapal	0	30	20
preview/tsa/banim/misc/Tsa_EkrExpBar.png	1.234	graphics/banim/misc/Tsa_EkrExpBar.map.bin	graphics/banim/misc/Img_08801C14.4bpp.lz	graphics/banim/misc/Pal_LevelUpBoxFrame.gbapal	0	6	9
preview/tsa/banim/misc/Tsa_EkrPopup.png	1.250	graphics/banim/misc/Tsa_EkrPopup.map.bin.lz	graphics/banim/misc/Img_08801C14.4bpp.lz	graphics/banim/misc/Pal_LevelUpBoxFrame.gbapal	0	8	13
preview/tsa/banim/misc/gUnknown_08802508.png	1.172	graphics/banim/misc/gUnknown_08802508.map.bin	graphics/banim/misc/Img_08801C14.4bpp.lz	graphics/banim/misc/gPalEfxHpBarGreen.gbapal	0	5	8
preview/tsa/btl_bg/btl_bg_14.png	1.734	graphics/btl_bg/btl_bg_14.map.bin.lz	graphics/btl_bg/btl_bg_58.4bpp.lz	graphics/btl_bg/btl_bg_5.gbapal.lz	0	30	20
preview/tsa/btl_bg/btl_bg_27.png	1.938	graphics/btl_bg/btl_bg_27.map.bin.lz	graphics/btl_bg/btl_bg_33.4bpp.lz	graphics/btl_bg/btl_bg_0.gbapal.lz	0	30	20
preview/tsa/btl_bg/btl_bg_33.png	2.000	graphics/btl_bg/btl_bg_33.map.bin.lz	graphics/btl_bg/btl_bg_14.4bpp.lz	graphics/btl_bg/btl_bg_0.gbapal.lz	0	30	20
preview/tsa/btl_bg/btl_bg_55.png	2.000	graphics/btl_bg/btl_bg_55.map.bin.lz	graphics/btl_bg/btl_bg_14.4bpp.lz	graphics/btl_bg/btl_bg_6.gbapal.lz	0	30	20
preview/tsa/btl_bg/btl_bg_58.png	2.000	graphics/btl_bg/btl_bg_58.map.bin.lz	graphics/btl_bg/btl_bg_14.4bpp.lz	graphics/btl_bg/btl_bg_0.gbapal.lz	0	30	20
preview/tsa/btl_bg/btl_bg_59.png	1.250	graphics/btl_bg/btl_bg_59.map.bin.lz	graphics/btl_bg/btl_bg_14.4bpp.lz	graphics/btl_bg/btl_bg_0.gbapal.lz	0	30	20
preview/tsa/btl_bg/btl_bg_60.png	2.000	graphics/btl_bg/btl_bg_60.map.bin.lz	graphics/btl_bg/btl_bg_27.4bpp.lz	graphics/btl_bg/btl_bg_0.gbapal.lz	0	30	20
preview/tsa/cg/cg_0.png	1.828	graphics/cg/cg_0.tsa.bin	graphics/cg/cg_0_part_4.4bpp.lz	graphics/cg/cg_1.gbapal	0	30	20
preview/tsa/cg/cg_1.png	1.844	graphics/cg/cg_1.tsa.bin	graphics/cg/cg_0_part_3.4bpp.lz	graphics/cg/cg_5.gbapal	0	30	20
preview/tsa/cg/cg_2.png	1.797	graphics/cg/cg_2.tsa.bin	graphics/cg/cg_0_part_5.4bpp.lz	graphics/cg/cg_1.gbapal	0	30	20
preview/tsa/cg/cg_3.png	2.000	graphics/cg/cg_3.tsa.bin	graphics/cg/cg_0_part_4.4bpp.lz	graphics/cg/cg_1.gbapal	0	30	20
preview/tsa/cg/cg_4.png	1.859	graphics/cg/cg_4.tsa.bin	graphics/cg/cg_0_part_4.4bpp.lz	graphics/cg/cg_1.gbapal	0	30	20
preview/tsa/cg/cg_5.png	1.766	graphics/cg/cg_5.tsa.bin	graphics/cg/cg_0_part_1.4bpp.lz	graphics/cg/cg_5.gbapal	0	30	20
preview/tsa/cg/cg_6.png	2.000	graphics/cg/cg_6.tsa.bin	graphics/cg/cg_0_part_3.4bpp.lz	graphics/cg/cg_1.gbapal	0	30	20
preview/tsa/cg/cg_7.png	1.625	graphics/cg/cg_7.tsa.bin	graphics/cg/cg_0_part_5.4bpp.lz	graphics/cg/cg_5.gbapal	0	30	20
preview/tsa/cg/cg_8.png	1.672	graphics/cg/cg_8.tsa.bin	graphics/cg/cg_0_part_5.4bpp.lz	graphics/cg/cg_7.gbapal	0	30	20
preview/tsa/cg/cg_9.png	2.000	graphics/cg/cg_9.tsa.bin	graphics/cg/cg_0_part_1.4bpp.lz	graphics/cg/cg_1.gbapal	0	30	20
preview/tsa/misc/Tsa10_MonsterStoneMapAnimfx.png	1.203	graphics/misc/Tsa10_MonsterStoneMapAnimfx.tsa.bin.lz	graphics/misc/Img_GorgonHatchCloud.4bpp.lz	graphics/misc/Pal_080E1164.pal	0	5	13
preview/tsa/misc/Tsa1_MonsterStoneMapAnimfx.png	1.156	graphics/misc/Tsa1_MonsterStoneMapAnimfx.tsa.bin.lz	graphics/misc/Img_GorgonHatchCloud.4bpp.lz	graphics/misc/Pal_MonsterStoneMapAnimfx.gbapal	0	5	13
preview/tsa/misc/Tsa2_MonsterStoneMapAnimfx.png	1.125	graphics/misc/Tsa2_MonsterStoneMapAnimfx.tsa.bin.lz	graphics/misc/Img_GorgonHatchCloud.4bpp.lz	graphics/misc/Pal_080E1164.pal	0	5	13
preview/tsa/misc/Tsa3_MonsterStoneMapAnimfx.png	1.219	graphics/misc/Tsa3_MonsterStoneMapAnimfx.tsa.bin.lz	graphics/misc/Img_GorgonHatchCloud.4bpp.lz	graphics/misc/Pal_080E1164.pal	0	5	13
preview/tsa/misc/Tsa4_MonsterStoneMapAnimfx.png	1.219	graphics/misc/Tsa4_MonsterStoneMapAnimfx.tsa.bin.lz	graphics/misc/Img_GorgonHatchCloud.4bpp.lz	graphics/misc/Pal_080E1164.pal	0	5	13
preview/tsa/misc/Tsa5_MonsterStoneMapAnimfx.png	1.234	graphics/misc/Tsa5_MonsterStoneMapAnimfx.tsa.bin.lz	graphics/misc/Img_GorgonHatchCloud.4bpp.lz	graphics/misc/Pal_080E1164.pal	0	5	13
preview/tsa/misc/Tsa6_MonsterStoneMapAnimfx.png	1.250	graphics/misc/Tsa6_MonsterStoneMapAnimfx.tsa.bin.lz	graphics/misc/Img_GorgonHatchCloud.4bpp.lz	graphics/misc/Pal_080E1164.pal	0	5	13
preview/tsa/misc/Tsa7_MonsterStoneMapAnimfx.png	1.250	graphics/misc/Tsa7_MonsterStoneMapAnimfx.tsa.bin.lz	graphics/misc/Img_MonsterStoneMapAnimfx.4bpp.lz	graphics/misc/Pal_080E1164.pal	0	5	13
preview/tsa/misc/Tsa8_MonsterStoneMapAnimfx.png	1.250	graphics/misc/Tsa8_MonsterStoneMapAnimfx.tsa.bin.lz	graphics/misc/Img_MonsterStoneMapAnimfx.4bpp.lz	graphics/misc/Pal_080E1164.pal	0	5	13
preview/tsa/misc/Tsa9_MonsterStoneMapAnimfx.png	1.234	graphics/misc/Tsa9_MonsterStoneMapAnimfx.tsa.bin.lz	graphics/misc/Img_GorgonHatchCloud.4bpp.lz	graphics/misc/Pal_080E1164.pal	0	5	13
preview/tsa/misc/Tsa_085AE190.png	1.203	graphics/misc/Tsa_085AE190.tsa.bin	graphics/misc/Img_LinkArenaActiveBannerFx.4bpp.lz	graphics/misc/Pal_LinkArenaRankIcons.gbapal	0	30	12
preview/tsa/misc/Tsa_089B0864.png	1.156	graphics/misc/Tsa_089B0864.tsa.bin	graphics/misc/Img_MapBattleInfoBox.4bpp.lz	graphics/misc/Pal_MapBattleInfoBlue.gbapal	0	28	11
preview/tsa/misc/Tsa_089B17A4.png	1.203	graphics/misc/Tsa_089B17A4.tsa.bin	graphics/misc/Img_WallBreakAnim.4bpp.lz	graphics/misc/Pal_MapBattleInfoBlue.gbapal	0	28	11
preview/tsa/misc/Tsa_089B343C.png	1.250	graphics/misc/Tsa_089B343C.tsa.bin	graphics/misc/Img_NightMareMapAnimfx.4bpp.lz	graphics/misc/Pal_080E1164.pal	0	20	10
preview/tsa/misc/Tsa_08A1A41C.png	1.172	graphics/misc/Tsa_08A1A41C.tsa.bin	graphics/misc/gUnknown_08A1A23C.4bpp.lz	graphics/misc/Pal_SpinningArrow.gbapal	0	10	1
preview/tsa/misc/Tsa_08A1A474.png	1.203	graphics/misc/Tsa_08A1A474.tsa.bin	graphics/misc/gUnknown_08A1A0A4.4bpp.lz	graphics/misc/Pal_SpinningArrow.gbapal	0	10	4
preview/tsa/misc/Tsa_08A40B14.png	1.266	graphics/misc/Tsa_08A40B14.tsa.bin	graphics/misc/Img_FinScreen.4bpp.lz	graphics/misc/Pal_08A40AD4.gbapal	0	30	20
preview/tsa/misc/Tsa_08B176CC.png	1.264	graphics/misc/Tsa_08B176CC.tsa.bin.lz	graphics/misc/Img_ChapterIntro_Fog.4bpp.lz	graphics/misc/Pal_CommGameBgScreenInShop.gbapal	0	30	20
preview/tsa/misc/Tsa_08B18D68.png	1.500	graphics/misc/Tsa_08B18D68.map.bin	graphics/misc/Img_CommGameBgScreen.4bpp.lz	graphics/misc/Pal_08B1756C.gbapal	0	13	14
preview/tsa/misc/Tsa_ChapterIntro_Fog.png	1.250	graphics/misc/Tsa_ChapterIntro_Fog.tsa.bin.lz	graphics/misc/Img_CommGameBgScreen.4bpp.lz	graphics/misc/Pal_08B1756C.gbapal	0	25	41
preview/tsa/misc/Tsa_ChapterStatusUi.png	1.453	graphics/misc/Tsa_ChapterStatusUi.tsa.bin.lz	graphics/misc/Img_PlayStatusSprites.4bpp.lz	graphics/misc/Pal_080E1164.pal	0	30	20
preview/tsa/misc/Tsa_CharacterEnding_BottomBorder.png	1.125	graphics/misc/Tsa_CharacterEnding_BottomBorder.tsa.bin	graphics/misc/Img_CharacterEndingMenu.4bpp.lz	graphics/misc/Pal_08A3F6D0.gbapal	0	30	2
preview/tsa/misc/Tsa_CharacterEnding_TopBorder.png	1.141	graphics/misc/Tsa_CharacterEnding_TopBorder.tsa.bin	graphics/misc/Img_CharacterEndingMenu.4bpp.lz	graphics/misc/Pal_08A3F6D0.gbapal	0	30	2
preview/tsa/misc/Tsa_CommGameBgScreenInShop.png	1.250	graphics/misc/Tsa_CommGameBgScreenInShop.tsa.bin	graphics/misc/gUnknown_08A29A88.4bpp.lz	graphics/misc/Pal_DifficultyMenuObjs.gbapal	0	30	20
preview/tsa/misc/Tsa_ConfigUiFrame.png	1.250	graphics/misc/Tsa_ConfigUiFrame.tsa.bin.lz	graphics/misc/gUnknown_08A01EE4.4bpp	graphics/misc/Pal_ConfigUiSprites.gbapal	0	30	20
preview/tsa/misc/Tsa_EventGmap.png	1.562	graphics/misc/Tsa_EventGmap.tsa.bin.lz	graphics/misc/gUnknown_08A986C0.4bpp.lz	graphics/misc/Pal_080E1164.pal	1	30	20
preview/tsa/misc/Tsa_FinScreen.png	1.266	graphics/misc/Tsa_FinScreen.tsa.bin.lz	graphics/misc/Img_FinScreen.4bpp.lz	graphics/misc/Pal_08A40AD4.gbapal	0	30	20
preview/tsa/misc/Tsa_GameOverFx.png	1.234	graphics/misc/Tsa_GameOverFx.tsa.bin	graphics/misc/gGfx_08A09E4C.4bpp.lz	graphics/misc/Pal_GameOverText2.gbapal	0	16	2
preview/tsa/misc/Tsa_GorgonHatchCloud_A.png	1.203	graphics/misc/Tsa_GorgonHatchCloud_A.tsa.bin.lz	graphics/misc/Img_MonsterStoneMapAnimfx.4bpp.lz	graphics/misc/Pal_080E1164.pal	0	16	16
preview/tsa/misc/Tsa_GorgonHatchCloud_B.png	1.219	graphics/misc/Tsa_GorgonHatchCloud_B.tsa.bin.lz	graphics/misc/Img_MonsterStoneMapAnimfx.4bpp.lz	graphics/misc/Pal_080E1164.pal	0	16	16
preview/tsa/misc/Tsa_GorgonHatchCloud_C.png	1.250	graphics/misc/Tsa_GorgonHatchCloud_C.tsa.bin.lz	graphics/misc/Img_MonsterStoneMapAnimfx.4bpp.lz	graphics/misc/Pal_080E1164.pal	0	16	16
preview/tsa/misc/Tsa_GorgonHatchCloud_D.png	1.234	graphics/misc/Tsa_GorgonHatchCloud_D.tsa.bin.lz	graphics/misc/Img_MonsterStoneMapAnimfx.4bpp.lz	graphics/misc/Pal_080E1164.pal	0	16	16
preview/tsa/misc/Tsa_GorgonHatchCloud_E.png	1.250	graphics/misc/Tsa_GorgonHatchCloud_E.tsa.bin.lz	graphics/misc/Img_MonsterStoneMapAnimfx.4bpp.lz	graphics/misc/Pal_080E1164.pal	0	16	16
preview/tsa/misc/Tsa_GorgonHatchCloud_F.png	1.234	graphics/misc/Tsa_GorgonHatchCloud_F.tsa.bin.lz	graphics/misc/Img_MonsterStoneMapAnimfx.4bpp.lz	graphics/misc/Pal_080E1164.pal	0	16	16
preview/tsa/misc/Tsa_GorgonHatchCloud_G.png	1.234	graphics/misc/Tsa_GorgonHatchCloud_G.tsa.bin.lz	graphics/misc/Img_MonsterStoneMapAnimfx.4bpp.lz	graphics/misc/Pal_080E1164.pal	0	16	16
preview/tsa/misc/Tsa_LinkArenaPostBattleBg.png	1.672	graphics/misc/Tsa_LinkArenaPostBattleBg.tsa.bin.lz	graphics/misc/Img_LinkArenaActiveBannerFx.4bpp.lz	graphics/misc/Pal_LinkArenaPostBattleBg.gbapal	1	30	20
preview/tsa/misc/Tsa_MainMenuBgFog.png	1.250	graphics/misc/Tsa_MainMenuBgFog.tsa.bin.lz	graphics/misc/Img_SaveMenuBG.4bpp.lz	graphics/misc/Pal_SaveMenuBG.gbapal	0	25	41
preview/tsa/misc/Tsa_MapAnimUnlockBgfx.png	1.188	graphics/misc/Tsa_MapAnimUnlockBgfx.tsa.bin	graphics/misc/Img_WallBreakAnim.4bpp.lz	graphics/misc/Pal_MapBattleInfoBlue.gbapal	0	4	4
preview/tsa/misc/Tsa_MapBattleBoxGfx1.png	1.188	graphics/misc/Tsa_MapBattleBoxGfx1.tsa.bin.lz	graphics/misc/Img_WallBreakAnim.4bpp.lz	graphics/misc/Pal_MapBattleInfoBlue.gbapal	0	1	61
preview/tsa/misc/Tsa_MapBattleBoxGfx2.png	1.172	graphics/misc/Tsa_MapBattleBoxGfx2.tsa.bin.lz	graphics/misc/Img_WallBreakAnim.4bpp.lz	graphics/misc/Pal_MapBattleInfoBlue.gbapal	0	7	8
preview/tsa/misc/Tsa_MapBattleBoxGfx3.png	1.172	graphics/misc/Tsa_MapBattleBoxGfx3.tsa.bin.lz	graphics/misc/Img_WallBreakAnim.4bpp.lz	graphics/misc/Pal_MapBattleInfoBlue.gbapal	0	1	61
preview/tsa/misc/Tsa_NightMareMapAnimfx1.png	1.094	graphics/misc/Tsa_NightMareMapAnimfx1.tsa.bin.lz	graphics/misc/Img_NightMareMapAnimfx.4bpp.lz	graphics/misc/Pal_080E1164.pal	0	13	25
preview/tsa/misc/Tsa_NightMareMapAnimfx10.png	1.203	graphics/misc/Tsa_NightMareMapAnimfx10.tsa.bin.lz	graphics/misc/Img_NightMareMapAnimfx.4bpp.lz	graphics/misc/Pal_080E1164.pal	0	13	25
preview/tsa/misc/Tsa_NightMareMapAnimfx2.png	1.141	graphics/misc/Tsa_NightMareMapAnimfx2.tsa.bin.lz	graphics/misc/Img_NightMareMapAnimfx.4bpp.lz	graphics/misc/Pal_080E1164.pal	0	13	25
preview/tsa/misc/Tsa_NightMareMapAnimfx3.png	1.219	graphics/misc/Tsa_NightMareMapAnimfx3.tsa.bin.lz	graphics/misc/Img_NightMareMapAnimfx.4bpp.lz	graphics/misc/Pal_080E1164.pal	0	13	25
preview/tsa/misc/Tsa_NightMareMapAnimfx4.png	1.219	graphics/misc/Tsa_NightMareMapAnimfx4.tsa.bin.lz	graphics/misc/Img_NightMareMapAnimfx.4bpp.lz	graphics/misc/Pal_080E1164.pal	0	13	25
preview/tsa/misc/Tsa_NightMareMapAnimfx5.png	1.219	graphics/misc/Tsa_NightMareMapAnimfx5.tsa.bin.lz	graphics/misc/Img_NightMareMapAnimfx.4bpp.lz	graphics/misc/Pal_080E1164.pal	0	13	25
preview/tsa/misc/Tsa_NightMareMapAnimfx6.png	1.234	graphics/misc/Tsa_NightMareMapAnimfx6.tsa.bin.lz	graphics/misc/Img_NightMareMapAnimfx.4bpp.lz	graphics/misc/Pal_080E1164.pal	0	13	25
preview/tsa/misc/Tsa_NightMareMapAnimfx7.png	1.219	graphics/misc/Tsa_NightMareMapAnimfx7.tsa.bin.lz	graphics/misc/Img_NightMareMapAnimfx.4bpp.lz	graphics/misc/Pal_080E1164.pal	0	13	25
preview/tsa/misc/Tsa_NightMareMapAnimfx8.png	1.203	graphics/misc/Tsa_NightMareMapAnimfx8.tsa.bin.lz	graphics/misc/Img_NightMareMapAnimfx.4bpp.lz	graphics/misc/Pal_080E1164.pal	0	13	25
preview/tsa/misc/Tsa_NightMareMapAnimfx9.png	1.219	graphics/misc/Tsa_NightMareMapAnimfx9.tsa.bin.lz	graphics/misc/Img_NightMareMapAnimfx.4bpp.lz	graphics/misc/Pal_080E1164.pal	0	13	25
preview/tsa/misc/Tsa_PlayerRankFog.png	1.203	graphics/misc/Tsa_PlayerRankFog.tsa.bin	graphics/misc/gUnknown_085A401C.4bpp	graphics/misc/Pal_DanceringFx.gbapal	0	32	32
preview/tsa/misc/Tsa_PrepItemUseScreen.png	1.249	graphics/misc/Tsa_PrepItemUseScreen.tsa.bin.lz	graphics/misc/gUnknown_08A19CCC.4bpp.lz	graphics/misc/Pal_MapBattleInfoNum.gbapal	0	30	20
preview/tsa/misc/Tsa_SaveMenuBG.png	2.000	graphics/misc/Tsa_SaveMenuBG.tsa.bin	graphics/misc/Img_SaveMenuBG.4bpp.lz	graphics/misc/Pal_SaveMenuBG.gbapal	0	30	20
preview/tsa/misc/Tsa_ShopWindows.png	1.217	graphics/misc/Tsa_ShopWindows.tsa.bin.lz	graphics/misc/Img_WallBreakAnim.4bpp.lz	graphics/misc/Pal_MapBattleInfoBlue.gbapal	0	30	20
preview/tsa/misc/Tsa_SioResultRankings.png	1.234	graphics/misc/Tsa_SioResultRankings.tsa.bin	graphics/misc/Img_LinkArenaActiveBannerFx.4bpp.lz	graphics/misc/Pal_LinkArenaPlacementRanks.gbapal	0	28	14
preview/tsa/misc/Tsa_StaffReelEnt_08A4B558.png	1.141	graphics/misc/Tsa_StaffReelEnt_08A4B558.tsa.bin.lz	graphics/misc/Img_StaffReelEnt_08A41B30.4bpp.lz	graphics/misc/Pal_080E1164.pal	1	25	41
preview/tsa/misc/Tsa_StaffReelEnt_08A4B788.png	1.141	graphics/misc/Tsa_StaffReelEnt_08A4B788.tsa.bin.lz	graphics/misc/Img_StaffReelEnt_08A40FE8.4bpp.lz	graphics/misc/Pal_080E1164.pal	0	25	41
preview/tsa/misc/Tsa_StaffReelEnt_08A4BB50.png	1.141	graphics/misc/Tsa_StaffReelEnt_08A4BB50.tsa.bin.lz	graphics/misc/Img_StaffReelEnt_08A41B30.4bpp.lz	graphics/misc/Pal_080E1164.pal	1	25	41
preview/tsa/misc/Tsa_StaffReelEnt_08A4BCC4.png	1.141	graphics/misc/Tsa_StaffReelEnt_08A4BCC4.tsa.bin.lz	graphics/misc/Img_StaffReelEnt_08A41B30.4bpp.lz	graphics/misc/Pal_080E1164.pal	3	25	41
preview/tsa/misc/Tsa_StaffReelEnt_08A4BEC0.png	1.141	graphics/misc/Tsa_StaffReelEnt_08A4BEC0.tsa.bin.lz	graphics/misc/Img_StaffReelEnt_08A41B30.4bpp.lz	graphics/misc/Pal_080E1164.pal	0	25	41
preview/tsa/misc/Tsa_StaffReelEnt_08A4C0E4.png	1.141	graphics/misc/Tsa_StaffReelEnt_08A4C0E4.tsa.bin.lz	graphics/misc/Img_StaffReelEnt_08A41B30.4bpp.lz	graphics/misc/Pal_080E1164.pal	1	25	41
preview/tsa/misc/Tsa_StaffReelEnt_08A4C308.png	1.141	graphics/misc/Tsa_StaffReelEnt_08A4C308.tsa.bin.lz	graphics/misc/Img_StaffReelEnt_08A40FE8.4bpp.lz	graphics/misc/Pal_080E1164.pal	0	25	41
preview/tsa/misc/Tsa_StaffReelEnt_08A4C6EC.png	1.141	graphics/misc/Tsa_StaffReelEnt_08A4C6EC.tsa.bin.lz	graphics/misc/Img_StaffReelEnt_08A40FE8.4bpp.lz	graphics/misc/Pal_080E1164.pal	0	25	41
preview/tsa/misc/Tsa_StaffReelEnt_08A4C9F0.png	1.141	graphics/misc/Tsa_StaffReelEnt_08A4C9F0.tsa.bin.lz	graphics/misc/Img_StaffReelEnt_08A40FE8.4bpp.lz	graphics/misc/Pal_080E1164.pal	0	25	41
preview/tsa/misc/Tsa_StaffReelEnt_08A4CD40.png	1.188	graphics/misc/Tsa_StaffReelEnt_08A4CD40.tsa.bin.lz	graphics/misc/Img_StaffReelEnt_08A42748.4bpp.lz	graphics/misc/Pal_080E1164.pal	0	25	41
preview/tsa/misc/gTSA_BattleForecastExtended.png	1.234	graphics/misc/gTSA_BattleForecastExtended.tsa.bin	graphics/misc/gBattleForecast_x2x4Gfx.4bpp.lz	graphics/misc/Pal_080E1164.pal	0	10	20
preview/tsa/misc/gTSA_BattleForecastStandard.png	1.234	graphics/misc/gTSA_BattleForecastStandard.tsa.bin	graphics/misc/gBattleForecast_x2x4Gfx.4bpp.lz	graphics/misc/Pal_080E1164.pal	0	10	16
preview/tsa/misc/gTSA_MinimugBox.png	1.188	graphics/misc/gTSA_MinimugBox.tsa.bin	graphics/player_interface/player_interface_font_tiles.4bpp.lz	graphics/player_interface/player_interface_blue.gbapal	0	25	6
preview/tsa/misc/gTSA_TerrainBox.png	1.109	graphics/misc/gTSA_TerrainBox.tsa.bin	graphics/player_interface/player_interface_font_tiles.4bpp.lz	graphics/player_interface/player_interface_blue.gbapal	0	7	6
preview/tsa/misc/gTsa_08A9E5DC.png	1.266	graphics/misc/gTsa_08A9E5DC.tsa.bin.lz	graphics/misc/gUnknown_08A98DCC.4bpp	graphics/misc/Pal_080E1164.pal	0	30	20
preview/tsa/misc/gTsa_PairedEndingNameplates.png	1.250	graphics/misc/gTsa_PairedEndingNameplates.tsa.bin.lz	graphics/misc/Img_CharacterEndingMenu.4bpp.lz	graphics/misc/Pal_08A3F6D0.gbapal	0	30	20
preview/tsa/misc/gTsa_PairedEndingWindow.png	1.250	graphics/misc/gTsa_PairedEndingWindow.tsa.bin.lz	graphics/misc/Img_CharacterEndingMenu.4bpp.lz	graphics/misc/Pal_080E1164.pal	0	30	18
preview/tsa/misc/gTsa_SoloEndingNameplate.png	1.234	graphics/misc/gTsa_SoloEndingNameplate.tsa.bin.lz	graphics/misc/Img_CharacterEndingMenu.4bpp.lz	graphics/misc/Pal_08A3F6D0.gbapal	0	30	20
preview/tsa/misc/gTsa_SoloEndingWindow.png	1.250	graphics/misc/gTsa_SoloEndingWindow.tsa.bin.lz	graphics/misc/Img_CharacterEndingMenu.4bpp.lz	graphics/misc/Pal_080E1164.pal	0	30	18
preview/tsa/misc/gTsa_StoneShatter_081C1900.png	1.188	graphics/misc/gTsa_StoneShatter_081C1900.tsa.bin	graphics/misc/gImg_StoneShatterAnim.4bpp.lz	graphics/misc/Pal_080E1164.pal	0	6	6
preview/tsa/misc/gTsa_StoneShatter_081C194C.png	1.188	graphics/misc/gTsa_StoneShatter_081C194C.tsa.bin	graphics/misc/gImg_StoneShatterAnim.4bpp.lz	graphics/misc/Pal_080E1164.pal	0	6	6
preview/tsa/misc/gTsa_StoneShatter_081C1998.png	1.188	graphics/misc/gTsa_StoneShatter_081C1998.tsa.bin	graphics/misc/gImg_StoneShatterAnim.4bpp.lz	graphics/misc/Pal_080E1164.pal	0	6	6
preview/tsa/misc/gTsa_StoneShatter_081C19E4.png	1.188	graphics/misc/gTsa_StoneShatter_081C19E4.tsa.bin	graphics/misc/gImg_StoneShatterAnim.4bpp.lz	graphics/misc/Pal_080E1164.pal	0	6	6
preview/tsa/misc/gTsa_StoneShatter_081C1A30.png	1.203	graphics/misc/gTsa_StoneShatter_081C1A30.tsa.bin	graphics/misc/gImg_StoneShatterAnim.4bpp.lz	graphics/misc/Pal_080E1164.pal	0	6	6
preview/tsa/misc/gTsa_StoneShatter_081C1A7C.png	1.203	graphics/misc/gTsa_StoneShatter_081C1A7C.tsa.bin	graphics/misc/gImg_StoneShatterAnim.4bpp.lz	graphics/misc/Pal_080E1164.pal	0	6	6
preview/tsa/misc/gTsa_StoneShatter_081C1AC8.png	1.219	graphics/misc/gTsa_StoneShatter_081C1AC8.tsa.bin	graphics/misc/gImg_StoneShatterAnim.4bpp.lz	graphics/misc/Pal_080E1164.pal	0	6	6
preview/tsa/misc/gTsa_StoneShatter_081C1B14.png	1.203	graphics/misc/gTsa_StoneShatter_081C1B14.tsa.bin	graphics/misc/gImg_StoneShatterAnim.4bpp.lz	graphics/misc/Pal_080E1164.pal	0	6	6
preview/tsa/misc/gTsa_StoneShatter_081C1B60.png	1.203	graphics/misc/gTsa_StoneShatter_081C1B60.tsa.bin	graphics/misc/gImg_StoneShatterAnim.4bpp.lz	graphics/misc/Pal_080E1164.pal	0	6	6
preview/tsa/misc/gTsa_StoneShatter_081C1BAC.png	1.188	graphics/misc/gTsa_StoneShatter_081C1BAC.tsa.bin	graphics/misc/gImg_StoneShatterAnim.4bpp.lz	graphics/misc/Pal_080E1164.pal	0	6	6
preview/tsa/misc/gTsa_SupportSubScreen.png	1.248	graphics/misc/gTsa_SupportSubScreen.tsa.bin.lz	graphics/misc/gUnknown_08A19CCC.4bpp.lz	graphics/misc/Pal_SpinningArrow.gbapal	0	30	20
preview/tsa/misc/gUnknown_085A0838.png	1.141	graphics/misc/gUnknown_085A0838.tsa.bin	graphics/misc/gBattleForecast_x2x4Gfx.4bpp.lz	graphics/misc/gBattleForecast_x2x4Pal.gbapal	0	10	9
preview/tsa/misc/gUnknown_085A08F0.png	1.109	graphics/misc/gUnknown_085A08F0.tsa.bin	graphics/misc/gBattleForecast_x2x4Gfx.4bpp.lz	graphics/misc/gBattleForecast_x2x4Pal.gbapal	0	10	9
preview/tsa/misc/gUnknown_085A0D4C.png	1.188	graphics/misc/gUnknown_085A0D4C.tsa.bin	graphics/misc/gBattleForecast_x2x4Gfx.4bpp.lz	graphics/misc/gBattleForecast_x2x4Pal.gbapal	0	13	13
preview/tsa/misc/gUnknown_085ADE88.png	1.234	graphics/misc/gUnknown_085ADE88.tsa.bin	graphics/misc/gUnknown_085AC604.4bpp.lz	graphics/misc/Pal_LinkArenaPlacementRanks.gbapal	0	30	3
preview/tsa/misc/gUnknown_085ADF40.png	1.203	graphics/misc/gUnknown_085ADF40.tsa.bin	graphics/misc/Img_LinkArenaActiveBannerFx.4bpp.lz	graphics/misc/Pal_LinkArenaRankIcons.gbapal	0	21	14
preview/tsa/misc/gUnknown_085AE778.png	1.188	graphics/misc/gUnknown_085AE778.tsa.bin.lz	graphics/misc/Img_LinkArenaActiveBannerFx.4bpp.lz	graphics/misc/Pal_LinkArenaRankIcons.gbapal	0	14	20
preview/tsa/misc/gUnknown_085B0F2C.png	1.250	graphics/misc/gUnknown_085B0F2C.tsa.bin	graphics/misc/gUnknown_085AC604.4bpp.lz	graphics/misc/Pal_LinkArenaPlacementRanks.gbapal	0	15	4
preview/tsa/misc/gUnknown_08A03354.png	1.188	graphics/misc/gUnknown_08A03354.tsa.bin	graphics/misc/gUnknown_08A027FC.4bpp	graphics/statscreen/StatscreenBG.gbapal	0	2	4
preview/tsa/misc/gUnknown_08A0A9F8.png	1.234	graphics/misc/gUnknown_08A0A9F8.tsa.bin	graphics/misc/gGfx_08A09E4C.4bpp.lz	graphics/misc/Pal_GameOverText2.gbapal	0	30	4
preview/tsa/misc/gUnknown_08A175B4.png	1.062	graphics/misc/gUnknown_08A175B4.tsa.bin	graphics/player_interface/player_interface_font_tiles.4bpp.lz	graphics/player_interface/player_interface_blue.gbapal	0	9	1
preview/tsa/misc/gUnknown_08A175C8.png	1.062	graphics/misc/gUnknown_08A175C8.tsa.bin	graphics/player_interface/player_interface_font_tiles.4bpp.lz	graphics/player_interface/player_interface_blue.gbapal	0	9	1
preview/tsa/misc/gUnknown_08A175DC.png	1.062	graphics/misc/gUnknown_08A175DC.tsa.bin	graphics/player_interface/player_interface_font_tiles.4bpp.lz	graphics/player_interface/player_interface_blue.gbapal	0	9	1
preview/tsa/misc/gUnknown_08A175F0.png	1.062	graphics/misc/gUnknown_08A175F0.tsa.bin	graphics/player_interface/player_interface_font_tiles.4bpp.lz	graphics/player_interface/player_interface_blue.gbapal	0	9	1
preview/tsa/misc/gUnknown_08A1B658.png	1.234	graphics/misc/gUnknown_08A1B658.tsa.bin.lz	graphics/misc/gUnknown_08A19CCC.4bpp.lz	graphics/misc/Pal_SpinningArrow.gbapal	3	3	19
preview/tsa/misc/gUnknown_08A1B698.png	1.375	graphics/misc/gUnknown_08A1B698.tsa.bin.lz	graphics/misc/gUnknown_08A19CCC.4bpp.lz	graphics/misc/Pal_08A1D448.gbapal	0	16	21
preview/tsa/misc/gUnknown_08A1B7C8.png	1.264	graphics/misc/gUnknown_08A1B7C8.tsa.bin.lz	graphics/misc/gUnknown_08A19CCC.4bpp.lz	graphics/misc/Pal_MapBattleInfoNum.gbapal	3	30	20
preview/tsa/misc/gUnknown_08A1B8B8.png	1.248	graphics/misc/gUnknown_08A1B8B8.tsa.bin.lz	graphics/misc/gUnknown_08A1A3FC.4bpp	graphics/misc/Pal_SpinningArrow.gbapal	0	30	21
preview/tsa/misc/gUnknown_08A1B990.png	1.234	graphics/misc/gUnknown_08A1B990.tsa.bin.lz	graphics/misc/gUnknown_08A1A3FC.4bpp	graphics/misc/Pal_SpinningArrow.gbapal	6	12	15
preview/tsa/misc/gUnknown_08A1B9EC.png	1.248	graphics/misc/gUnknown_08A1B9EC.tsa.bin.lz	graphics/misc/gUnknown_08A1A3FC.4bpp	graphics/misc/Pal_SpinningArrow.gbapal	0	30	20
preview/tsa/misc/gUnknown_08A1BBD0.png	1.248	graphics/misc/gUnknown_08A1BBD0.tsa.bin.lz	graphics/misc/gUnknown_08A19CCC.4bpp.lz	graphics/misc/Pal_SpinningArrow.gbapal	0	30	20
preview/tsa/misc/gUnknown_08A1BCC0.png	1.234	graphics/misc/gUnknown_08A1BCC0.tsa.bin.lz	graphics/misc/gUnknown_08A19CCC.4bpp.lz	graphics/misc/Pal_SpinningArrow.gbapal	0	7	7
preview/tsa/misc/gUnknown_08A1C8B4.png	1.234	graphics/misc/gUnknown_08A1C8B4.tsa.bin	graphics/misc/gUnknown_08A19CCC.4bpp.lz	graphics/misc/Pal_SpinningArrow.gbapal	0	30	20
preview/tsa/misc/gUnknown_08A1DB80.png	1.234	graphics/misc/gUnknown_08A1DB80.tsa.bin.lz	graphics/misc/gUnknown_08A1A3FC.4bpp	graphics/misc/Pal_SpinningArrow.gbapal	0	20	21
preview/tsa/misc/gUnknown_08A29558.png	1.250	graphics/misc/gUnknown_08A29558.tsa.bin.lz	graphics/misc/gUnknown_08A29498.4bpp	graphics/misc/Pal_DifficultyMenuObjs.gbapal	0	12	13
preview/tsa/misc/gUnknown_08A2C5A8.png	1.234	graphics/misc/gUnknown_08A2C5A8.tsa.bin	graphics/misc/Img_SoundRoomUiElements.4bpp.lz	graphics/misc/Pal_080E1164.pal	0	18	14
preview/tsa/misc/gUnknown_08A2C7A4.png	1.219	graphics/misc/gUnknown_08A2C7A4.tsa.bin	graphics/misc/Img_SoundRoomUiElements.4bpp.lz	graphics/misc/Pal_080E1164.pal	0	24	3
preview/tsa/misc/gUnknown_08A2C92C.png	1.203	graphics/misc/gUnknown_08A2C92C.map.bin	graphics/misc/gUnknown_08A2C4C8.4bpp	graphics/misc/Pal_080E1164.pal	0	10	20
preview/tsa/misc/gUnknown_08A30978.png	1.250	graphics/misc/gUnknown_08A30978.tsa.bin	graphics/misc/gUnknown_08A30780.4bpp	graphics/misc/Pal_080E1164.pal	0	30	20
preview/tsa/misc/gUnknown_08A35488.png	2.000	graphics/misc/gUnknown_08A35488.tsa.bin	graphics/misc/gUnknown_08A30E2C.4bpp.lz	graphics/misc/Pal_080E1164.pal	0	30	20
preview/tsa/misc/gUnknown_08A35FD0.png	1.266	graphics/misc/gUnknown_08A35FD0.tsa.bin.lz	graphics/misc/gUnknown_08A30780.4bpp	graphics/misc/Pal_080E1164.pal	0	30	20
preview/tsa/misc/gUnknown_08A36284.png	1.250	graphics/misc/gUnknown_08A36284.tsa.bin.lz	graphics/misc/gUnknown_08A30780.4bpp	graphics/misc/Pal_080E1164.pal	0	7	13
preview/tsa/misc/gUnknown_08A3F21C.png	1.250	graphics/misc/gUnknown_08A3F21C.tsa.bin	graphics/misc/Img_CharacterEndingMenu.4bpp.lz	graphics/misc/Pal_08A3F6D0.gbapal	0	30	20
preview/tsa/misc/gUnknown_08A98D88.png	1.078	graphics/misc/gUnknown_08A98D88.tsa.bin	graphics/misc/gUnknown_08A986C0.4bpp.lz	graphics/misc/Pal_080E1164.pal	0	5	2
preview/tsa/misc/gUnknown_08A98DA0.png	1.078	graphics/misc/gUnknown_08A98DA0.tsa.bin	graphics/misc/gUnknown_08A986C0.4bpp.lz	graphics/misc/Pal_080E1164.pal	0	5	2
preview/tsa/misc/gUnknown_08A98DB8.png	1.125	graphics/misc/gUnknown_08A98DB8.tsa.bin	graphics/misc/gUnknown_08A986C0.4bpp.lz	graphics/misc/gPal_GMapPI_LevelNums.gbapal	0	4	2
preview/tsa/misc/gUnknown_08A98EAC.png	1.250	graphics/misc/gUnknown_08A98EAC.tsa.bin	graphics/misc/gUnknown_08A98E2C.4bpp	graphics/misc/Pal_EventGmap.gbapal	0	13	5
preview/tsa/misc/gUnknown_08A98F30.png	1.250	graphics/misc/gUnknown_08A98F30.tsa.bin	graphics/misc/gUnknown_08A98DCC.4bpp	graphics/misc/Pal_EventGmap.gbapal	3	13	9
preview/tsa/misc/gUnknown_08AA18AC.png	1.172	graphics/misc/gUnknown_08AA18AC.tsa.bin	graphics/misc/Img_WorldmapMinimap.4bpp.lz	graphics/misc/Pal_WmPlaceDot_Standard.gbapal	0	8	8
preview/tsa/op_anim/OpAnimCharacterBG.png	1.266	graphics/op_anim/OpAnimCharacterBG.map.bin.lz	graphics/op_anim/OpAnimEphraimClose1.4bpp.lz	graphics/op_anim/OpAnimSeth.gbapal	0	32	20
preview/tsa/op_anim/OpAnimEirikaClose1.png	2.000	graphics/op_anim/OpAnimEirikaClose1.map.bin.lz	graphics/op_anim/OpAnimCharacterBG.4bpp.lz	graphics/op_anim/OpAnimSeth.gbapal	0	32	20
preview/tsa/op_anim/OpAnimEirikaClose2.png	1.125	graphics/op_anim/OpAnimEirikaClose2.map.bin.lz	graphics/op_anim/OpAnimEphraimClose2.4bpp.lz	graphics/op_anim/OpAnimSeth.gbapal	0	32	20
preview/tsa/op_anim/OpAnimEphraimBlur2.png	2.000	graphics/op_anim/OpAnimEphraimBlur2.map.bin.lz	graphics/op_anim/OpAnimEphraimBlur2.4bpp.lz	graphics/op_anim/OpAnimSeth.gbapal	0	32	20
preview/tsa/op_anim/OpAnimEphraimBlur3.png	2.000	graphics/op_anim/OpAnimEphraimBlur3.map.bin.lz	graphics/op_anim/OpAnimEphraimBlur2.4bpp.lz	graphics/op_anim/OpAnimSeth.gbapal	0	32	20
preview/tsa/op_anim/OpAnimEphraimClose1.png	2.000	graphics/op_anim/OpAnimEphraimClose1.map.bin.lz	graphics/op_anim/OpAnimCharacterBG.4bpp.lz	graphics/op_anim/OpAnimSeth.gbapal	0	32	20
preview/tsa/op_anim/OpAnimEphraimClose2.png	1.656	graphics/op_anim/OpAnimEphraimClose2.map.bin.lz	graphics/op_anim/OpAnimEirikaClose1.4bpp.lz	graphics/op_anim/OpAnimSeth.gbapal	0	32	20
preview/tsa/op_anim/OpAnimHealthSafetyScreenBG0.png	1.156	graphics/op_anim/OpAnimHealthSafetyScreenBG0.tsa.bin.lz	graphics/op_anim/OpAnimEphraimClose2.4bpp.lz	graphics/op_anim/OpAnimSeth.gbapal	0	30	20
preview/tsa/op_anim/OpAnimHealthSafetyScreenBG1.png	1.250	graphics/op_anim/OpAnimHealthSafetyScreenBG1.tsa.bin.lz	graphics/op_anim/OpAnimCharacterBG.4bpp.lz	graphics/op_anim/OpAnimSeth.gbapal	0	30	20
preview/tsa/op_anim/OpAnimJoshua.png	2.000	graphics/op_anim/OpAnimJoshua.map.bin.lz	graphics/op_anim/OpAnimCharacterBG.4bpp.lz	graphics/op_anim/OpAnimSeth.gbapal	0	32	20
preview/tsa/op_anim/OpAnimJoshua2.png	1.109	graphics/op_anim/OpAnimJoshua2.map.bin.lz	graphics/op_anim/OpAnimEphraimClose2.4bpp.lz	graphics/op_anim/OpAnimWorldMap.gbapal	0	32	20
preview/tsa/op_anim/OpAnimLArachel.png	2.000	graphics/op_anim/OpAnimLArachel.map.bin.lz	graphics/op_anim/OpAnimCharacterBG.4bpp.lz	graphics/op_anim/OpAnimSeth.gbapal	0	32	20
preview/tsa/op_anim/OpAnimLArachel2.png	1.797	graphics/op_anim/OpAnimLArachel2.map.bin.lz	graphics/op_anim/OpAnimEirikaClose1.4bpp.lz	graphics/op_anim/OpAnimSeth.gbapal	0	32	20
preview/tsa/op_anim/OpAnimMyrrh.png	2.000	graphics/op_anim/OpAnimMyrrh.map.bin.lz	graphics/op_anim/OpAnimCharacterBG.4bpp.lz	graphics/op_anim/OpAnimSeth.gbapal	0	32	20
preview/tsa/op_anim/OpAnimMyrrh2.png	1.109	graphics/op_anim/OpAnimMyrrh2.map.bin.lz	graphics/op_anim/OpAnimEphraimClose2.4bpp.lz	graphics/op_anim/OpAnimWorldMap.gbapal	0	32	20
preview/tsa/op_anim/OpAnimSaleh.png	2.000	graphics/op_anim/OpAnimSaleh.map.bin.lz	graphics/op_anim/OpAnimCharacterBG.4bpp.lz	graphics/op_anim/OpAnimSeth.gbapal	0	32	20
preview/tsa/op_anim/OpAnimSaleh2.png	1.125	graphics/op_anim/OpAnimSaleh2.map.bin.lz	graphics/op_anim/OpAnimEphraimClose2.4bpp.lz	graphics/op_anim/OpAnimSeth.gbapal	0	32	20
preview/tsa/op_anim/OpAnimSeth.png	2.000	graphics/op_anim/OpAnimSeth.map.bin.lz	graphics/op_anim/OpAnimCharacterBG.4bpp.lz	graphics/op_anim/OpAnimSeth.gbapal	0	32	20
preview/tsa/op_anim/OpAnimSeth2.png	1.125	graphics/op_anim/OpAnimSeth2.map.bin.lz	graphics/op_anim/OpAnimEphraimClose2.4bpp.lz	graphics/op_anim/OpAnimSeth.gbapal	0	32	20
preview/tsa/op_anim/OpAnimShiningRing.png	1.672	graphics/op_anim/OpAnimShiningRing.map.bin.lz	graphics/op_anim/OpAnimEirikaClose1.4bpp.lz	graphics/op_anim/OpAnimSeth.gbapal	0	32	20
preview/tsa/op_anim/OpAnimShiningRingBlinking.png	1.672	graphics/op_anim/OpAnimShiningRingBlinking.map.bin.lz	graphics/op_anim/OpAnimEphraimClose1.4bpp.lz	graphics/op_anim/OpAnimSeth.gbapal	0	32	20
preview/tsa/op_anim/OpAnimTethys.png	2.000	graphics/op_anim/OpAnimTethys.map.bin.lz	graphics/op_anim/OpAnimCharacterBG.4bpp.lz	graphics/op_anim/OpAnimSeth.gbapal	0	32	20
preview/tsa/op_anim/OpAnimTethys2.png	1.125	graphics/op_anim/OpAnimTethys2.map.bin.lz	graphics/op_anim/OpAnimEphraimClose2.4bpp.lz	graphics/op_anim/OpAnimSeth.gbapal	0	32	20
preview/tsa/titlescreen/title_demon_king.png	1.250	graphics/titlescreen/title_demon_king.map.bin.lz	graphics/titlescreen/title_dragon_foreground.4bpp.lz	graphics/titlescreen/title_dragon_foreground.gbapal	0	32	20
preview/tsa/titlescreen/title_dragon_foreground.png	1.266	graphics/titlescreen/title_dragon_foreground.map.bin.lz	graphics/titlescreen/title_dragon_foreground.4bpp.lz	graphics/titlescreen/title_dragon_foreground.gbapal	0	32	20
preview/tsa/titlescreen/title_main_background.png	1.250	graphics/titlescreen/title_main_background.map.bin.lz	graphics/titlescreen/title_main_background_2.4bpp.lz	graphics/titlescreen/title_dragon_foreground.gbapal	0	32	20
preview/tsa/titlescreen/title_unk_image_1.png	1.250	graphics/titlescreen/title_unk_image_1.map.bin.lz	graphics/titlescreen/title_dragon_foreground.4bpp.lz	graphics/titlescreen/title_dragon_foreground.gbapal	0	32	20
preview/tsa/titlescreen/title_unk_image_2.png	1.250	graphics/titlescreen/title_unk_image_2.map.bin.lz	graphics/titlescreen/title_dragon_foreground.4bpp.lz	graphics/titlescreen/title_dragon_foreground.gbapal	0	32	20
preview/tsa/titlescreen/title_unk_image_3.png	1.232	graphics/titlescreen/title_unk_image_3.map.bin.lz	graphics/titlescreen/title_unk_image_1.4bpp.lz	graphics/titlescreen/title_dragon_foreground.gbapal	257	32	64
preview/tsa/titlescreen/title_unk_image_4.png	0.201	graphics/titlescreen/title_unk_image_4.map.bin.lz	graphics/titlescreen/title_main_background_2.4bpp.lz	graphics/titlescreen/title_dragon_foreground.gbapal	0	32	16
